[
  {
    "name": "Noto Sans Regular",
    "sources": [
      "NotoSans-Regular.ttf",
      "NotoNaskhArabic-Regular.ttf",
      "NotoSansArmenian-Regular.ttf",
      "NotoSansBalinese-Regular.ttf",
      "NotoSansBengali-Regular.ttf",
      "NotoSansCJKtc-Regular.otf",
      "NotoSansDevanagari-Regular.ttf",
      "NotoSansEthiopic-Regular.ttf",
      "NotoSansGeorgian-Regular.ttf",
      "NotoSansGujarati-Regular.ttf",
      "NotoSansGurmukhi-Regular.ttf",
      "NotoSansHebrew-Regular.ttf",
      "NotoSansJavanese-Regular.ttf",
      "NotoSansKannada-Regular.ttf",
      "NotoSansKhmer-Regular.ttf",
      "NotoSansLao-Regular.ttf",
      "NotoSansMongolian-Regular.ttf",
      "NotoSansMyanmar-Regular.ttf",
      "NotoSansOriya-Regular.ttf",
      "NotoSansSinhala-Regular.ttf",
      "NotoSansTamil-Regular.ttf",
      "NotoSansThai-Regular.ttf",
      "NotoSansTibetan-Regular.ttf",
      "//NotoSansTifinagh-Regular.ttf"
    ]
  },
  {
    "name": "Noto Sans Bold",
    "sources": [
      "NotoSans-Bold.ttf",
      "NotoNaskhArabic-Bold.ttf",
      "NotoSansArmenian-Bold.ttf",
      "NotoSansBalinese-Regular.ttf",
      "NotoSansBengali-Bold.ttf",
      "NotoSansCJKtc-Bold.otf",
      "NotoSansDevanagari-Bold.ttf",
      "NotoSansEthiopic-Bold.ttf",
      "NotoSansGeorgian-Bold.ttf",
      "NotoSansGujarati-Bold.ttf",
      "NotoSansGurmukhi-Bold.ttf",
      "NotoSansHebrew-Bold.ttf",
      "NotoSansJavanese-Regular.ttf",
      "NotoSansKannada-Bold.ttf",
      "NotoSansKhmer-Bold.ttf",
      "NotoSansLao-Bold.ttf",
      "NotoSansMongolian-Regular.ttf",
      "NotoSansMyanmar-Bold.ttf",
      "NotoSansOriya-Bold.ttf",
      "NotoSansSinhala-Bold.ttf",
      "NotoSansTamil-Bold.ttf",
      "NotoSansThai-Bold.ttf",
      "NotoSansTibetan-Bold.ttf",
      "//NotoSansTifinagh-Regular.ttf"
    ]
  },
  {
    "name": "Noto Sans Italic",
    "sources": [
      "NotoSans-Italic.ttf",
      "NotoNaskhArabic-Regular.ttf",
      "NotoSansArmenian-Regular.ttf",
      "NotoSansBalinese-Regular.ttf",
      "NotoSansBengali-Regular.ttf",
      "NotoSansCJKtc-Regular.otf",
      "NotoSansDevanagari-Regular.ttf",
      "NotoSansEthiopic-Regular.ttf",
      "NotoSansGeorgian-Regular.ttf",
      "NotoSansGujarati-Regular.ttf",
      "NotoSansGurmukhi-Regular.ttf",
      "NotoSansHebrew-Regular.ttf",
      "NotoSansJavanese-Regular.ttf",
      "NotoSansKannada-Regular.ttf",
      "NotoSansKhmer-Regular.ttf",
      "NotoSansLao-Regular.ttf",
      "NotoSansMongolian-Regular.ttf",
      "NotoSansMyanmar-Regular.ttf",
      "NotoSansOriya-Regular.ttf",
      "NotoSansSinhala-Regular.ttf",
      "NotoSansTamil-Regular.ttf",
      "NotoSansThai-Regular.ttf",
      "NotoSansTibetan-Regular.ttf",
      "//NotoSansTifinagh-Regular.ttf"
    ]
  }
]
